{"Genre":{"0":"Action","1":"Adventure","2":"Casual","3":"Education","4":"Massively Multiplayer","5":"RPG","6":"Racing","7":"Simulation","8":"Sports","9":"Strategy"},"Total_Traffic":{"0":6172114,"1":3349765,"2":296308,"3":6326,"4":1018066,"5":2346261,"6":118308,"7":1286943,"8":609124,"9":1545510},"Median_Traffic":{"0":10.0,"1":5.0,"2":2.0,"3":2.0,"4":39.0,"5":14.0,"6":8.0,"7":6.0,"8":8.5,"9":9.0},"Mean_Traffic":{"0":2381.2168209877,"1":1351.2565550625,"2":152.4218106996,"3":110.9824561404,"4":3211.5646687697,"5":1518.6155339806,"6":350.0236686391,"7":761.9555950266,"8":1301.547008547,"9":941.2362971985},"Game_Count":{"0":2592,"1":2479,"2":1944,"3":57,"4":317,"5":1545,"6":338,"7":1689,"8":468,"9":1642},"Inequality_Ratio":{"0":238.1216820988,"1":270.2513110125,"2":76.2109053498,"3":55.4912280702,"4":82.3478120197,"5":108.4725381415,"6":43.7529585799,"7":126.9925991711,"8":153.1231774761,"9":104.5818107998}}